<?xml version='1.0' encoding='UTF-8' standalone='yes' ?>
<WiFiAPList location="F01">
	<ap id="894457358166" ssid="SAPIDO_RB-1842" maxholdpwd="-47" />
	<ap id="18413742247640" ssid="Richard" maxholdpwd="-37" />
	<ap id="132235446201660" ssid="TOTOLINK N100RE" maxholdpwd="-47" />
	<ap id="132235446201792" ssid="TOTOLINK N100RE" maxholdpwd="-47" />
	<ap id="132235446202412" ssid="TOTOLINK N100RE" maxholdpwd="-43" />
	<ap id="132235446212760" ssid="TOTOLINK N100RE" maxholdpwd="-44" />
	<ap id="194282253931910" ssid="209-11f-5" maxholdpwd="-79" />
	<ap id="202675492582748" ssid="annie " maxholdpwd="-85" />
</WiFiAPList>
