<?xml version='1.0' encoding='UTF-8' standalone='yes' ?>
<sailsfloor>
	<floor name="F01" desc="" number="1" id="68807">
		<read filepath="F01.xml" type="vectormap" />
		<read filepath="aplist.xml" type="wifiaplist" />
		<read filepath="rss.xml" type="fingerprintlist" />
		<parameter map_orientation="0.0" />
		<parameter map_scale="16.956521739130437" />
		<parameter map_level="19" />
		<parameter map_center_lon="120.65520373999755" />
		<parameter map_center_lat="24.158101284128193" />
		<parameter map_rotation="26.654783248901367" />
	</floor>
</sailsfloor>
