<?xml version='1.0' encoding='UTF-8' standalone='yes' ?>
<rendertheme>
	<render name="aliseafood" level="19" fill="#996D9EEB" fill-alpha="0.6" stroke="#19000000" stroke-alpha="0.1" stroke-width="5" text-fill="#FFFFFFFE" text-level="20" text-stroke="#FF000000" text-stroke-width="2" text-size="17" />
	<render name="building" level="0" fill="#4C999999" fill-alpha="0.3" stroke="#000000" stroke-alpha="0.0" stroke-width="0" text-fill="#FF444444" text-level="0" text-stroke="#FFFFFFFF" text-stroke-width="5" text-size="14" />
	<render name="business_center" level="18" fill="#7F999999" fill-alpha="0.5" stroke="#19000000" stroke-alpha="0.1" stroke-width="1" text-fill="#FF444444" text-level="20" text-stroke="#FFFFFFFF" text-stroke-width="2" text-size="14" />
	<render name="default" level="0" fill="#190000FF" fill-alpha="0.1" stroke="#19000000" stroke-alpha="0.1" stroke-width="5" text-fill="#FF000000" text-level="0" text-stroke="#FFFFFFFF" text-stroke-width="5" text-size="14" />
	<render name="draft_line" level="18" fill="#7FCCCCCC" fill-alpha="0.5" stroke="#66434343" stroke-alpha="0.4" stroke-width="1" text-fill="#FF999999" text-level="0" text-stroke="#FFFFFFFF" text-stroke-width="5" text-size="14" />
	<render name="foot_body" level="0" fill="#6644B984" fill-alpha="0.4" stroke="#000000" stroke-alpha="0.0" stroke-width="0" text-fill="#FFC6F3DE" text-level="19" text-stroke="#FF1A764D" text-stroke-width="2" text-size="16" />
	<render name="icon" level="19" fill="#1A0000FF" fill-alpha="0.1" stroke="#1A000000" stroke-alpha="0.1" stroke-width="5" text-fill="#FF000000" text-level="0" text-stroke="#FFFFFFFF" text-stroke-width="5" text-size="14" />
	<render name="icon_detail" level="21" fill="#190000FF" fill-alpha="0.1" stroke="#19000000" stroke-alpha="0.1" stroke-width="5" text-fill="#FF000000" text-level="0" text-stroke="#FFFFFFFF" text-stroke-width="5" text-size="14" />
	<render name="la_maison" level="0" fill="#CC653E9B" fill-alpha="0.8" stroke="#19000000" stroke-alpha="0.1" stroke-width="5" text-fill="#FF653E9B" text-level="20" text-stroke="#FFE4D7F5" text-stroke-width="2" text-size="12" />
	<render name="la_party" level="0" fill="#66149E60" fill-alpha="0.4" stroke="#19000000" stroke-alpha="0.1" stroke-width="5" text-fill="#FF0B804B" text-level="20" text-stroke="#FFFFFFFF" text-stroke-width="2" text-size="12" />
	<render name="label" level="0" fill="#190000FF" fill-alpha="0.1" stroke="#1A000000" stroke-alpha="0.1" stroke-width="5" text-fill="#FF000000" text-level="19" text-stroke="#FFFFFFFF" text-stroke-width="2" text-size="14" />
	<render name="label_big" level="0" fill="#190000FF" fill-alpha="0.1" stroke="#19000000" stroke-alpha="0.1" stroke-width="5" text-fill="#FF999999" text-level="17" text-stroke="#FFFFFFFE" text-stroke-width="2" text-size="15" />
	<render name="label_detail" level="0" fill="#190000FF" fill-alpha="0.1" stroke="#19000000" stroke-alpha="0.1" stroke-width="5" text-fill="#FF000000" text-level="21" text-stroke="#FFFFFFFF" text-stroke-width="2" text-size="14" />
	<render name="lamode_bakery" level="19" fill="#FFFBC8D9" fill-alpha="1.0" stroke="#000000" stroke-alpha="0.0" stroke-width="5" text-fill="#FFF7A7C0" text-level="20" text-stroke="#FF83334C" text-stroke-width="2" text-size="15" />
	<render name="lamode_res" level="18" fill="#FFFCDA83" fill-alpha="1.0" stroke="#000000" stroke-alpha="0.0" stroke-width="5" text-fill="#FFEAA041" text-level="19" text-stroke="#FF434343" text-stroke-width="2" text-size="16" />
	<render name="leisure" level="20" fill="#19CCCCCC" fill-alpha="0.1" stroke="#000000" stroke-alpha="0.0" stroke-width="2" text-fill="#FF444444" text-level="0" text-stroke="#FFFFFFFF" text-stroke-width="5" text-size="14" />
	<render name="life_club" level="0" fill="#FFA4C2F4" fill-alpha="1.0" stroke="#000000" stroke-alpha="0.0" stroke-width="0" text-fill="#FFC9DAF8" text-level="19" text-stroke="#FF1C4587" text-stroke-width="2" text-size="16" />
	<render name="outline" level="0" fill="#7FFEF1D1" fill-alpha="0.5" stroke="#FF434343" stroke-alpha="1.0" stroke-width="3" text-fill="#FF434343" text-level="0" text-stroke="#FFFFFFFF" text-stroke-width="5" text-size="14" />
	<render name="pool" level="0" fill="#1A3C78D8" fill-alpha="0.1" stroke="#FFFFFE" stroke-alpha="0.0" stroke-width="5" text-fill="#FF285BAC" text-level="19" text-stroke="#FFC9DAF8" text-stroke-width="2" text-size="17" />
	<render name="praking_lot" level="0" fill="#19666666" fill-alpha="0.1" stroke="#000000" stroke-alpha="0.0" stroke-width="5" text-fill="#FF444444" text-level="19" text-stroke="#FFFFFFFF" text-stroke-width="2" text-size="16" />
	<render name="road" level="18" fill="#1A999999" fill-alpha="0.1" stroke="#000000" stroke-alpha="0.0" stroke-width="1" text-fill="#FF000000" text-level="0" text-stroke="#FFFFFFFF" text-stroke-width="3" text-size="14" />
	<render name="road_outline" level="0" fill="#190000FF" fill-alpha="0.1" stroke="#FFCCCCCC" stroke-alpha="1.0" stroke-width="1" text-fill="#FFCCCCCC" text-level="0" text-stroke="#FFFFFFFF" text-stroke-width="5" text-size="14" />
</rendertheme>
