<?xml version='1.0' encoding='UTF-8' standalone='yes' ?>
<RSSFingerPrintList location="F01">
	<way points="7">
		<node lon="120.65510507354581" lat="24.15813988489053" MAGC="-108.96493339538574" MAGD="139.50547790527344" MAGB="false">
			<ap id="18413742247640" ssid="Richard" avgPow="-40.0" />
			<ap id="132235446201660" ssid="TOTOLINK N100RE" avgPow="-47.5" />
			<ap id="132235446202412" ssid="TOTOLINK N100RE" avgPow="-47.5" />
			<ap id="132235446212760" ssid="TOTOLINK N100RE" avgPow="-56.5" />
			<ap id="132235446201792" ssid="TOTOLINK N100RE" avgPow="-59.5" />
			<ap id="894457358166" ssid="SAPIDO_RB-1842" avgPow="-61.0" />
			<ap id="194282253931910" ssid="209-11f-5" avgPow="-83.5" />
		</node>
		<node lon="120.6551710111841" lat="24.158241855456158" MAGC="-102.33465385437012" MAGD="132.8751983642578" MAGB="false">
			<ap id="132235446202412" ssid="TOTOLINK N100RE" avgPow="-44.5" />
			<ap id="18413742247640" ssid="Richard" avgPow="-44.5" />
			<ap id="132235446201660" ssid="TOTOLINK N100RE" avgPow="-53.5" />
			<ap id="132235446201792" ssid="TOTOLINK N100RE" avgPow="-53.5" />
			<ap id="894457358166" ssid="SAPIDO_RB-1842" avgPow="-56.5" />
			<ap id="132235446212760" ssid="TOTOLINK N100RE" avgPow="-58.0" />
			<ap id="194282253931910" ssid="209-11f-5" avgPow="-85.0" />
		</node>
		<node lon="120.65523694882238" lat="24.158343826021788" MAGC="-102.33465385437012" MAGD="132.8751983642578" MAGB="false">
			<ap id="132235446202412" ssid="TOTOLINK N100RE" avgPow="-44.5" />
			<ap id="18413742247640" ssid="Richard" avgPow="-44.5" />
			<ap id="132235446201660" ssid="TOTOLINK N100RE" avgPow="-53.5" />
			<ap id="132235446201792" ssid="TOTOLINK N100RE" avgPow="-53.5" />
			<ap id="894457358166" ssid="SAPIDO_RB-1842" avgPow="-56.5" />
			<ap id="132235446212760" ssid="TOTOLINK N100RE" avgPow="-58.0" />
			<ap id="194282253931910" ssid="209-11f-5" avgPow="-85.0" />
		</node>
		<node lon="120.65530288646066" lat="24.158445796587415" MAGC="-100.14288139343262" MAGD="130.6834259033203" MAGB="false">
			<ap id="18413742247640" ssid="Richard" avgPow="-37.0" />
			<ap id="132235446202412" ssid="TOTOLINK N100RE" avgPow="-43.0" />
			<ap id="132235446212760" ssid="TOTOLINK N100RE" avgPow="-44.5" />
			<ap id="132235446201792" ssid="TOTOLINK N100RE" avgPow="-52.0" />
			<ap id="894457358166" ssid="SAPIDO_RB-1842" avgPow="-53.5" />
			<ap id="132235446201660" ssid="TOTOLINK N100RE" avgPow="-56.5" />
			<ap id="202675492582748" ssid="annie " avgPow="-85.0" />
			<ap id="194282253931910" ssid="209-11f-5" avgPow="-85.0" />
		</node>
		<node lon="120.65536882409894" lat="24.158547767153042" MAGC="-98.63320732116699" MAGD="129.1737518310547" MAGB="false">
			<ap id="18413742247640" ssid="Richard" avgPow="-37.0" />
			<ap id="132235446212760" ssid="TOTOLINK N100RE" avgPow="-46.0" />
			<ap id="894457358166" ssid="SAPIDO_RB-1842" avgPow="-47.5" />
			<ap id="132235446202412" ssid="TOTOLINK N100RE" avgPow="-53.5" />
			<ap id="132235446201792" ssid="TOTOLINK N100RE" avgPow="-53.5" />
			<ap id="132235446201660" ssid="TOTOLINK N100RE" avgPow="-62.5" />
			<ap id="202675492582748" ssid="annie " avgPow="-85.0" />
			<ap id="194282253931910" ssid="209-11f-5" avgPow="-85.0" />
		</node>
		<node lon="120.65543476173723" lat="24.158649737718672" MAGC="-98.63320732116699" MAGD="129.1737518310547" MAGB="false">
			<ap id="18413742247640" ssid="Richard" avgPow="-37.0" />
			<ap id="132235446212760" ssid="TOTOLINK N100RE" avgPow="-46.0" />
			<ap id="894457358166" ssid="SAPIDO_RB-1842" avgPow="-47.5" />
			<ap id="132235446202412" ssid="TOTOLINK N100RE" avgPow="-53.5" />
			<ap id="132235446201792" ssid="TOTOLINK N100RE" avgPow="-53.5" />
			<ap id="132235446201660" ssid="TOTOLINK N100RE" avgPow="-62.5" />
			<ap id="202675492582748" ssid="annie " avgPow="-85.0" />
			<ap id="194282253931910" ssid="209-11f-5" avgPow="-85.0" />
		</node>
		<node lon="120.65550069937551" lat="24.1587517082843" MAGC="-97.01901817321777" MAGD="127.55956268310547" MAGB="false">
			<ap id="18413742247640" ssid="Richard" avgPow="-43.0" />
			<ap id="132235446212760" ssid="TOTOLINK N100RE" avgPow="-44.5" />
			<ap id="132235446201792" ssid="TOTOLINK N100RE" avgPow="-47.5" />
			<ap id="132235446202412" ssid="TOTOLINK N100RE" avgPow="-49.0" />
			<ap id="894457358166" ssid="SAPIDO_RB-1842" avgPow="-50.5" />
			<ap id="132235446201660" ssid="TOTOLINK N100RE" avgPow="-65.5" />
			<ap id="194282253931910" ssid="209-11f-5" avgPow="-79.0" />
		</node>
	</way>
</RSSFingerPrintList>